{
    "config_paths": [
        "ctgraph_d2_imgseed7_pomdp_wait.json", 
        "ctgraph_d3_imgseed7_pomdp_wait.json", 
        "ctgraph_d4_imgseed7_pomdp_wait.json", 
        "ctgraph_d5_imgseed7_pomdp_wait.json",
        "ctgraph_d6_imgseed7_pomdp_wait.json",
        "ctgraph_d7_imgseed7_pomdp_wait.json",
        "ctgraph_d8_imgseed7_pomdp_wait.json",
        "ctgraph_d9_imgseed7_pomdp_wait.json",
        "ctgraph_d10_imgseed7_pomdp_wait.json",
        "ctgraph_d11_imgseed7_pomdp_wait.json",

        "ctgraph_d2_imgseed8_pomdp_wait.json", 
        "ctgraph_d3_imgseed8_pomdp_wait.json", 
        "ctgraph_d4_imgseed8_pomdp_wait.json", 
        "ctgraph_d5_imgseed8_pomdp_wait.json",
        "ctgraph_d6_imgseed8_pomdp_wait.json",
        "ctgraph_d7_imgseed8_pomdp_wait.json",
        "ctgraph_d8_imgseed8_pomdp_wait.json",
        "ctgraph_d9_imgseed8_pomdp_wait.json",
        "ctgraph_d10_imgseed8_pomdp_wait.json",
        "ctgraph_d11_imgseed8_pomdp_wait.json",

        "ctgraph_d2_imgseed9_pomdp_wait.json", 
        "ctgraph_d3_imgseed9_pomdp_wait.json", 
        "ctgraph_d4_imgseed9_pomdp_wait.json", 
        "ctgraph_d5_imgseed9_pomdp_wait.json",
        "ctgraph_d6_imgseed9_pomdp_wait.json",
        "ctgraph_d7_imgseed9_pomdp_wait.json",
        "ctgraph_d8_imgseed9_pomdp_wait.json",
        "ctgraph_d9_imgseed9_pomdp_wait.json",
        "ctgraph_d10_imgseed9_pomdp_wait.json",
        "ctgraph_d11_imgseed9_pomdp_wait.json",

        "ctgraph_d2_imgseed10_pomdp_wait.json", 
        "ctgraph_d3_imgseed10_pomdp_wait.json", 
        "ctgraph_d4_imgseed10_pomdp_wait.json", 
        "ctgraph_d5_imgseed10_pomdp_wait.json",
        "ctgraph_d6_imgseed10_pomdp_wait.json",
        "ctgraph_d7_imgseed10_pomdp_wait.json",
        "ctgraph_d8_imgseed10_pomdp_wait.json",
        "ctgraph_d9_imgseed10_pomdp_wait.json",
        "ctgraph_d10_imgseed10_pomdp_wait.json",
        "ctgraph_d11_imgseed10_pomdp_wait.json"
    ],
    "task_order": "default",
    "one_hot": true,
    "label_dim": 16370,
    "num_tasks": 28,
    "filter_tasks" : [
        1, 6, 17, 39, 82, 169, 342,
        4095, 4102, 4117, 4146, 4205, 4322, 4557,
        8184, 8189, 8198, 8216, 8253, 8327, 8474,
        12279, 12286, 12301, 12391, 12510, 12748, 13225
    ]
}