{
   "general_seed": 7,
   "graph_shape": {
      "depth": 10,
      "branching_factor": 2,
      "wait_prob": 0.0
   },
   "reward": {
      "high_reward_value": 1.0,
      "crash_reward_value": 0.0,
      "stochastic_sampling": false,
      "reward_std": 0.1,
      "min_static_reward_episodes": 0,
      "max_static_reward_episodes": 0,
      "reward_distribution": "needle_in_haystack"
   },
   "observations": {
      "MDP_decision_s": true,
      "MDP_wait_s": false,
      "wait_states": [
         2,
         2
      ],
      "decision_states": [
         3,
         1025
      ],
      "graph_ends": [
         1026,
         2049
      ]
   },
   "image_dataset": {
      "seed": 12,
      "1D": false,
      "nr_of_images": 2050,
      "noise_on_images_on_read": 0,
      "small_rotation_on_read": 1
   }
}