{
    "config_paths": [
        "ctgraph_d2_imgseed9_pomdp_wait.json", 
        "ctgraph_d3_imgseed9_pomdp_wait.json", 
        "ctgraph_d4_imgseed9_pomdp_wait.json", 
        "ctgraph_d5_imgseed9_pomdp_wait.json",
        "ctgraph_d6_imgseed9_pomdp_wait.json",
        "ctgraph_d7_imgseed9_pomdp_wait.json",
        "ctgraph_d8_imgseed9_pomdp_wait.json",
        "ctgraph_d9_imgseed9_pomdp_wait.json",
        "ctgraph_d10_imgseed9_pomdp_wait.json",
        "ctgraph_d11_imgseed9_pomdp_wait.json",

        "ctgraph_d2_imgseed10_pomdp_wait.json", 
        "ctgraph_d3_imgseed10_pomdp_wait.json", 
        "ctgraph_d4_imgseed10_pomdp_wait.json", 
        "ctgraph_d5_imgseed10_pomdp_wait.json",
        "ctgraph_d6_imgseed10_pomdp_wait.json",
        "ctgraph_d7_imgseed10_pomdp_wait.json",
        "ctgraph_d8_imgseed10_pomdp_wait.json",
        "ctgraph_d9_imgseed10_pomdp_wait.json",
        "ctgraph_d10_imgseed10_pomdp_wait.json",
        "ctgraph_d11_imgseed10_pomdp_wait.json",

        "ctgraph_d2_imgseed11_pomdp_wait.json", 
        "ctgraph_d3_imgseed11_pomdp_wait.json", 
        "ctgraph_d4_imgseed11_pomdp_wait.json", 
        "ctgraph_d5_imgseed11_pomdp_wait.json",
        "ctgraph_d6_imgseed11_pomdp_wait.json",
        "ctgraph_d7_imgseed11_pomdp_wait.json",
        "ctgraph_d8_imgseed11_pomdp_wait.json",
        "ctgraph_d9_imgseed11_pomdp_wait.json",
        "ctgraph_d10_imgseed11_pomdp_wait.json",
        "ctgraph_d11_imgseed11_pomdp_wait.json",

        "ctgraph_d2_imgseed12_pomdp_wait.json", 
        "ctgraph_d3_imgseed12_pomdp_wait.json", 
        "ctgraph_d4_imgseed12_pomdp_wait.json", 
        "ctgraph_d5_imgseed12_pomdp_wait.json",
        "ctgraph_d6_imgseed12_pomdp_wait.json",
        "ctgraph_d7_imgseed12_pomdp_wait.json",
        "ctgraph_d8_imgseed12_pomdp_wait.json",
        "ctgraph_d9_imgseed12_pomdp_wait.json",
        "ctgraph_d10_imgseed12_pomdp_wait.json",
        "ctgraph_d11_imgseed12_pomdp_wait.json"
    ],
    "task_order": "default",
    "one_hot": true,
    "label_dim": 16370,
    "num_tasks": 7,
    "filter_tasks" : [
        1, 6, 17, 39, 82, 169, 342,
    ]
}