{
    "config_paths": [
        "ctgraph_d2_imgseed1_pomdp_wait.json", 
        "ctgraph_d3_imgseed1_pomdp_wait.json", 
        "ctgraph_d4_imgseed1_pomdp_wait.json", 
        "ctgraph_d5_imgseed1_pomdp_wait.json",
        "ctgraph_d6_imgseed1_pomdp_wait.json",
        "ctgraph_d7_imgseed1_pomdp_wait.json",
        "ctgraph_d8_imgseed1_pomdp_wait.json",
        "ctgraph_d9_imgseed1_pomdp_wait.json",
        "ctgraph_d10_imgseed1_pomdp_wait.json",
        "ctgraph_d11_imgseed1_pomdp_wait.json",
        "ctgraph_d2_imgseed2_pomdp_wait.json", 
        "ctgraph_d3_imgseed2_pomdp_wait.json", 
        "ctgraph_d4_imgseed2_pomdp_wait.json", 
        "ctgraph_d5_imgseed2_pomdp_wait.json",
        "ctgraph_d6_imgseed2_pomdp_wait.json",
        "ctgraph_d7_imgseed2_pomdp_wait.json",
        "ctgraph_d8_imgseed2_pomdp_wait.json",
        "ctgraph_d9_imgseed2_pomdp_wait.json",
        "ctgraph_d10_imgseed2_pomdp_wait.json",
        "ctgraph_d11_imgseed2_pomdp_wait.json",
        "ctgraph_d2_imgseed3_pomdp_wait.json", 
        "ctgraph_d3_imgseed3_pomdp_wait.json", 
        "ctgraph_d4_imgseed3_pomdp_wait.json", 
        "ctgraph_d5_imgseed3_pomdp_wait.json",
        "ctgraph_d6_imgseed3_pomdp_wait.json",
        "ctgraph_d7_imgseed3_pomdp_wait.json",
        "ctgraph_d8_imgseed3_pomdp_wait.json",
        "ctgraph_d9_imgseed3_pomdp_wait.json",
        "ctgraph_d10_imgseed3_pomdp_wait.json",
        "ctgraph_d11_imgseed3_pomdp_wait.json",
        "ctgraph_d2_imgseed4_pomdp_wait.json", 
        "ctgraph_d3_imgseed4_pomdp_wait.json", 
        "ctgraph_d4_imgseed4_pomdp_wait.json", 
        "ctgraph_d5_imgseed4_pomdp_wait.json",
        "ctgraph_d6_imgseed4_pomdp_wait.json",
        "ctgraph_d7_imgseed4_pomdp_wait.json",
        "ctgraph_d8_imgseed4_pomdp_wait.json",
        "ctgraph_d9_imgseed4_pomdp_wait.json",
        "ctgraph_d10_imgseed4_pomdp_wait.json",
        "ctgraph_d11_imgseed4_pomdp_wait.json"
    ],
    "task_order": "default",
    "one_hot": true,
    "label_dim": 16368,
    "num_tasks": 28,
    "filter_tasks" : [
        8253, 8327, 4557, 8216, 39, 6, 8189, 4322, 1, 12391, 12279, 4205, 13225, 8184, 17, 4102, 12301, 12748, 169, 4095, 4146, 8474, 4117, 82, 12286, 8198, 12510, 342
    ]
}